case,cl,cd,cm
1,0.502,0.0009,
2,0.736,0.00082,
3,0.911,0.00085,
4,1.023,0.00081,
5,1.138,0.00076,
