case,cl,cd,cm
1,0.871396853,,0.009019469
